{"converged": false, "termination_reason": "RTOL_ACHIEVED", "cost": 0.041341518601886854, "gradnorm": 9.1919690221265e-07, "iter": 104, "cost_history": [3.7136194032196324, 1.4874022833957012, 0.837863831118323, 0.519431981209919, 0.40172221689404525, 0.3069476484480242, 0.2501683923944049, 0.1974894491120221, 0.14536629760847675, 0.12060560001586734, 0.10313048972375255, 0.08957173590189495, 0.0791210556299396, 0.07059016579837632, 0.06440981814741223, 0.06021587122867555, 0.05594299476586846, 0.05335691621196524, 0.0503981749639673, 0.04910407002340238, 0.047439642165485435, 0.04542620728842754, 0.04417463538698367, 0.043528999740018705, 0.04307358212732149, 0.04272594976859062, 0.04240269924437283, 0.04218298052514109, 0.04196359789873495, 0.04184818276851168, 0.041734368137545885, 0.04171408683564547, 0.04157612792976972, 0.04154661079603656, 0.04150055145977745, 0.04149500644418615, 0.04143965483329263, 0.04142742843260465, 0.041411636399472464, 0.041394129622637985, 0.041384279112947835, 0.041373210572851274, 0.041368815663787986, 0.04136424086323852, 0.041361200486977896, 0.04135469105690473, 0.04135300998042548, 0.041351209102360245, 0.041349985268711476, 0.041347616296366074, 0.041346825692366196, 0.04134593104678595, 0.04134508020832524, 0.04134428448844937, 0.041343725161898534, 0.041343343524954036, 0.04134298163098282, 0.04134272615760827, 0.04134242656730681, 0.04134226131802817, 0.041342117072821274, 0.041341963173564734, 0.041341894739918075, 0.041341807361613095, 0.04134176571368682, 0.04134171390038445, 0.041341680187976945, 0.04134163933327917, 0.041341617029541915, 0.04134159897319922, 0.041341582637212965, 0.041341572931086076, 0.04134155821444676, 0.04134155296904388, 0.04134154518207588, 0.04134154100359472, 0.04134153410544818, 0.04134153192378898, 0.04134152955377426, 0.0413415281155454, 0.0413415257199323, 0.04134152443172296, 0.041341523517382954, 0.041341523289997927, 0.0413415213743146, 0.041341521031531575, 0.04134152053888085, 0.04134152001139421, 0.041341519845885466, 0.041341519421542454, 0.04134151930734939, 0.041341519164681755, 0.04134151902263933, 0.041341518920445186, 0.041341518866230234, 0.04134151881988059, 0.041341518757870246, 0.04134151872081082, 0.041341518685273054, 0.041341518661769314, 0.041341518644076924, 0.04134151862751059, 0.041341518616027, 0.04134151860902113, 0.041341518601886854], "gradnorm_history": [0.9283082145275888, 0.5079936380795684, 0.3060751418045605, 0.2192121593683703, 0.23589493900845915, 0.11862262294022961, 0.09855908097142171, 0.09091444811230594, 0.08913209391409667, 0.07253675065597995, 0.04818958172002292, 0.04680984683663175, 0.051514957780926525, 0.04592604328661287, 0.029208150830199453, 0.02421808762923668, 0.027173312070679728, 0.032146559822907414, 0.018870676138811344, 0.01369603757260851, 0.013335236067385688, 0.010781550686670768, 0.011062790177113306, 0.0093186630991649, 0.00651177518994965, 0.005645306914995044, 0.006378082468661128, 0.00793045391879133, 0.004235689339508562, 0.003268455595179918, 0.0037733749040091183, 0.006969153533517179, 0.0026321666007974613, 0.001972655063633626, 0.0021348130536148484, 0.004821826317254138, 0.001747809562361296, 0.001279693744305836, 0.001362315434367341, 0.001866191310513027, 0.0017360078940686216, 0.00092027686049622, 0.0007183211932387442, 0.0007442327979273484, 0.0015858418780770203, 0.0007411699283803709, 0.0004663367014122739, 0.00039636784858652647, 0.0009223555375018089, 0.00047556563475482716, 0.000326982657568448, 0.0003209348978883691, 0.00044502252972077885, 0.0003893326689862713, 0.0002442698772984864, 0.00021519665500676607, 0.00021649961572120914, 0.00025592908538427225, 0.00016295232756981815, 0.00017042349101864223, 0.00014422682811762318, 0.00014355385640386122, 0.00016715554748780316, 8.506548182862424e-05, 6.691797011746269e-05, 7.308456045990905e-05, 9.109892519605563e-05, 6.0130367375830165e-05, 5.857171798385819e-05, 4.73069260928879e-05, 4.049711488540037e-05, 6.825675687059169e-05, 3.2157163867772146e-05, 2.577515208605444e-05, 2.417975031417352e-05, 5.1101837434407556e-05, 1.9396706736116337e-05, 1.4629038652335381e-05, 1.713259253197026e-05, 2.8853644348039788e-05, 1.3732581228300901e-05, 1.0323470287095183e-05, 1.0785950001839693e-05, 2.727495450480824e-05, 8.154532180908106e-06, 6.102296468442784e-06, 6.531864045750442e-06, 8.280418031456014e-06, 1.0297679662034354e-05, 4.136831064226029e-06, 3.428658248206026e-06, 3.882830863635082e-06, 5.476304042607053e-06, 3.517732615282732e-06, 2.170916201850756e-06, 2.1940772915058762e-06, 2.512528138711765e-06, 2.5214654605387112e-06, 1.4289613790179867e-06, 1.3630411584670425e-06, 1.956639819053114e-06, 1.1816108257989645e-06, 9.443921350464094e-07, 9.744148255313394e-07, 9.1919690221265e-07], "num_cost_evals": 116, "num_grad_evals": 107, "cost_count_history": [9, 1, 1, 1, 1, 1, 1, 1, 2, 1, 1, 1, 1, 1, 1, 1, 1, 1, 1, 1, 1, 1, 1, 1, 1, 1, 1, 1, 1, 1, 1, 1, 1, 1, 1, 1, 1, 1, 1, 1, 1, 1, 1, 1, 1, 1, 1, 1, 1, 1, 1, 1, 1, 1, 1, 1, 2, 1, 1, 1, 1, 1, 1, 1, 1, 2, 1, 1, 1, 1, 1, 1, 1, 1, 1, 1, 1, 1, 1, 1, 1, 1, 1, 1, 1, 1, 1, 1, 1, 1, 1, 1, 1, 1, 1, 1, 2, 1, 1, 1, 1, 1, 1, 1], "grad_count_history": [2, 1, 1, 1, 1, 1, 1, 1, 2, 1, 1, 1, 1, 1, 1, 1, 1, 1, 1, 1, 1, 1, 1, 1, 1, 1, 1, 1, 1, 1, 1, 1, 1, 1, 1, 1, 1, 1, 1, 1, 1, 1, 1, 1, 1, 1, 1, 1, 1, 1, 1, 1, 1, 1, 1, 1, 1, 1, 1, 1, 1, 1, 1, 1, 1, 2, 1, 1, 1, 1, 1, 1, 1, 1, 1, 1, 1, 1, 1, 1, 1, 1, 1, 1, 1, 1, 1, 1, 1, 1, 1, 1, 1, 1, 1, 1, 1, 1, 1, 1, 1, 1, 1, 1]}