{"converged": false, "termination_reason": "RTOL_ACHIEVED", "cost": 0.04134151875677676, "gradnorm": 7.669215089115077e-07, "iter": 57, "cost_history": [3.7136194032196324, 1.9479283317965, 1.3419395978928597, 0.48018149510504515, 0.2665933627166064, 0.11558057655187702, 0.09472462047142122, 0.07173178571728392, 0.06863312105115084, 0.053397259201935623, 0.05190148473876718, 0.05026806455932338, 0.04817438654778752, 0.04550266268579145, 0.04467808968551906, 0.04367129469239221, 0.043221933176689264, 0.042608403786878954, 0.042358728555595596, 0.04211801996700382, 0.04193103386252772, 0.041769166443084836, 0.04161877166647884, 0.04154812308944596, 0.041509478838853295, 0.04146590702632447, 0.04142674924016663, 0.04141064253779673, 0.04139228780371791, 0.04138283157551343, 0.04136921721975327, 0.04135984624151471, 0.041356517987992635, 0.041352034183993705, 0.04135016279044901, 0.041347404495684956, 0.041345004492236485, 0.041343463182563656, 0.04134263420116478, 0.041342261293463994, 0.0413420532243849, 0.04134193042744453, 0.041341839809439195, 0.04134169306012056, 0.041341611619513136, 0.04134157618181902, 0.041341556826499176, 0.041341538799333985, 0.041341530748194695, 0.041341527323092125, 0.0413415242927109, 0.04134152181168496, 0.04134152057070169, 0.04134151993902342, 0.04134151941880386, 0.04134151904351129, 0.04134151882827182, 0.04134151875677676], "gradnorm_history": [0.9283082145275888, 0.574785995870801, 0.44812380041046285, 0.2902604026013082, 0.26809897726269366, 0.073657689162312, 0.0529720547219427, 0.044207989200929824, 0.087962462747618, 0.021477338823555445, 0.013834588986873864, 0.014989770022657419, 0.016173487794571752, 0.012595468552490266, 0.0147154541278437, 0.007890504131316183, 0.006771027688323465, 0.006592057319265721, 0.006685955122151057, 0.004254184560172866, 0.0036023913644271056, 0.003119238716274967, 0.003539648887153489, 0.002125376979452464, 0.0015913709796798528, 0.0015390758544954486, 0.0014690474073056335, 0.0016827933911487216, 0.0009190814990989293, 0.0007924119868242969, 0.0007211427133380138, 0.0006111091782563656, 0.0007583117078613045, 0.00032564782082552987, 0.0002931225782308916, 0.000274220697333913, 0.0001808973318561025, 0.00010589768040244185, 0.00010229597506888763, 0.00017904401286710598, 7.344828832837667e-05, 5.8527107480276724e-05, 6.226339348799356e-05, 4.612183419191923e-05, 2.2453031737653663e-05, 1.4197956549706561e-05, 1.789762246953214e-05, 1.5776187218768994e-05, 6.923335105656447e-06, 5.6705459209337555e-06, 5.587779942272821e-06, 5.147665652648046e-06, 3.6815425780918085e-06, 2.2488385745180495e-06, 2.150805838736244e-06, 1.8300233357683274e-06, 1.673556073925878e-06, 7.669215089115077e-07], "num_cost_evals": 64, "num_grad_evals": 60, "cost_count_history": [3, 1, 1, 2, 1, 1, 1, 1, 1, 1, 1, 1, 1, 2, 1, 1, 1, 2, 1, 1, 1, 1, 2, 1, 1, 1, 2, 1, 1, 1, 1, 1, 1, 1, 1, 1, 1, 1, 1, 1, 1, 1, 1, 1, 1, 1, 1, 1, 1, 1, 1, 1, 1, 1, 1, 1, 1], "grad_count_history": [2, 1, 1, 1, 1, 1, 1, 1, 1, 1, 1, 1, 1, 1, 1, 1, 1, 2, 1, 1, 1, 1, 2, 1, 1, 1, 1, 1, 1, 1, 1, 1, 1, 1, 1, 1, 1, 1, 1, 1, 1, 1, 1, 1, 1, 1, 1, 1, 1, 1, 1, 1, 1, 1, 1, 1, 1]}