{"converged": false, "termination_reason": "RTOL_ACHIEVED", "cost": 0.0413415187298192, "gradnorm": 9.026223438009697e-07, "iter": 66, "cost_history": [3.7136194032196324, 1.8324440735491774, 1.1890244996895631, 0.4446970934128034, 0.2717677355379474, 0.16463973282036953, 0.13307413720009034, 0.08668422562722661, 0.08395287666195683, 0.05937657433583149, 0.057248554172754436, 0.053261637262593794, 0.05076624253255965, 0.04798489429431592, 0.04712224632205363, 0.0454646600295496, 0.04475436705896085, 0.04373095727069495, 0.04333914474735474, 0.042995698331100465, 0.04250647392507079, 0.04208802259177627, 0.041930361316237896, 0.04182422774136001, 0.041725362047879855, 0.04165571501872398, 0.041567152049449, 0.04152727439098931, 0.0414815355645078, 0.04143525423316641, 0.041415080150484465, 0.041395847563799944, 0.04138793458863963, 0.04137701803446939, 0.04136397002595761, 0.04135685538889338, 0.04135240061719986, 0.04135016947865726, 0.041347487270792016, 0.0413461249425734, 0.041344862360844406, 0.041343773334401104, 0.04134322818143939, 0.041342420059704316, 0.04134213710464222, 0.04134193480802882, 0.04134182332355121, 0.041341741450127804, 0.04134167328486435, 0.04134163265876553, 0.04134159332613993, 0.04134156726202502, 0.04134154867015871, 0.041341539910057276, 0.04134153372950784, 0.04134152871544404, 0.04134152467291198, 0.041341523060292776, 0.04134152197743671, 0.04134152064220328, 0.04134151984640472, 0.0413415194814918, 0.04134151924175519, 0.04134151906268077, 0.04134151888014165, 0.041341518821874576, 0.0413415187298192], "gradnorm_history": [0.9283082145275888, 0.5615224456684621, 0.4110846155196904, 0.2571594057892692, 0.2243835097416111, 0.09516205184678332, 0.07664485914809613, 0.05786920534142919, 0.11261561499691808, 0.029289305238868527, 0.0205276010028575, 0.01670396166661427, 0.03253867748005222, 0.01697079878035967, 0.011748337946497933, 0.010334719057344744, 0.018730398251417892, 0.00930944337096361, 0.006422073200671492, 0.005989148955982143, 0.005567227361603581, 0.005265396032380665, 0.003746379858834358, 0.0024106558895603818, 0.002640634233913032, 0.00488733760172504, 0.0023610080966084902, 0.0016023659845921052, 0.0016078889968690142, 0.0014249641038822471, 0.0021310820288650586, 0.0007905654477982225, 0.0007548801146888873, 0.0007885582080390589, 0.0005894382983213542, 0.0005346174352985101, 0.00042203242654452006, 0.00030189130165998615, 0.00026789525055061745, 0.0003582703538964959, 0.00021072107167115055, 0.00013882201895915573, 0.00013077806469341858, 9.884622808687168e-05, 0.00011324285449994411, 5.159527085074281e-05, 4.583197278316212e-05, 5.253401822952657e-05, 3.1347376909984116e-05, 2.426265470455128e-05, 2.2592901729074188e-05, 3.0666903803804e-05, 1.8238295130493595e-05, 1.0910988754189544e-05, 1.0608205668846494e-05, 9.90468452124216e-06, 7.1740358121525465e-06, 5.697302336621851e-06, 5.901342556770676e-06, 4.265354146593367e-06, 4.243374360789185e-06, 2.2663006525757063e-06, 2.3176399383643435e-06, 3.412425950190361e-06, 1.43047522145833e-06, 1.1269773620496755e-06, 9.026223438009697e-07], "num_cost_evals": 70, "num_grad_evals": 67, "cost_count_history": [3, 1, 1, 2, 1, 1, 1, 1, 1, 1, 1, 1, 1, 1, 1, 1, 1, 1, 1, 1, 1, 2, 1, 1, 1, 1, 1, 1, 1, 1, 1, 1, 1, 1, 1, 1, 1, 1, 1, 1, 1, 1, 1, 1, 1, 1, 1, 1, 1, 1, 1, 1, 1, 1, 1, 1, 1, 1, 1, 1, 1, 1, 1, 1, 1, 1], "grad_count_history": [2, 1, 1, 1, 1, 1, 1, 1, 1, 1, 1, 1, 1, 1, 1, 1, 1, 1, 1, 1, 1, 1, 1, 1, 1, 1, 1, 1, 1, 1, 1, 1, 1, 1, 1, 1, 1, 1, 1, 1, 1, 1, 1, 1, 1, 1, 1, 1, 1, 1, 1, 1, 1, 1, 1, 1, 1, 1, 1, 1, 1, 1, 1, 1, 1, 1]}