{"converged": false, "termination_reason": "RTOL_ACHIEVED", "cost": 0.041341518637800806, "gradnorm": 7.337615152955764e-07, "iter": 73, "cost_history": [3.7136194032196324, 2.336264321893356, 1.8072106657232265, 1.022426145966366, 0.6251638592597115, 0.2106139472327439, 0.1083691091114384, 0.10253276796126734, 0.08162407118204652, 0.07457685842806996, 0.05554678305374868, 0.0542445114018678, 0.04885659435547825, 0.04765345579711872, 0.04611523026122071, 0.04501190604484941, 0.04384575083096097, 0.0432916354018321, 0.04275767665731854, 0.0423452897096624, 0.04208691422054511, 0.04191499778168066, 0.0418251644140082, 0.041760129259761546, 0.04164441929410211, 0.04153272216391335, 0.04151916674385657, 0.04146086153339784, 0.04144516463731962, 0.04142079929011059, 0.041410359908311004, 0.04139442925864122, 0.04138582601851856, 0.0413763821669209, 0.041363874494943914, 0.041353924351218645, 0.041350363188965414, 0.04134827285743675, 0.04134647592263141, 0.04134442676776422, 0.04134285773194589, 0.04134233225095279, 0.041341987295372425, 0.04134185574887719, 0.041341687892994056, 0.04134165556426558, 0.04134160862950477, 0.04134159380837375, 0.04134157488902065, 0.04134155978235201, 0.041341549411269427, 0.04134154571685348, 0.04134153917205395, 0.041341536604706394, 0.041341531144485216, 0.041341528899117824, 0.04134152465425461, 0.0413415235491071, 0.04134152154216701, 0.04134152104014413, 0.04134152047213497, 0.041341519864561, 0.041341519636106286, 0.04134151933167397, 0.041341519211724256, 0.041341519045265215, 0.04134151889655948, 0.0413415188300951, 0.04134151879113181, 0.04134151874253332, 0.041341518706768665, 0.041341518676633576, 0.04134151865780418, 0.041341518637800806], "gradnorm_history": [0.9283082145275888, 0.6367849196930065, 0.5160053577662388, 0.40152970463748755, 0.44041675459588403, 0.18319379412448594, 0.09126134796959347, 0.10007013055201612, 0.046622876645745756, 0.03781649900700852, 0.023985261564925957, 0.04927217333095471, 0.01697132617029518, 0.011364229594143398, 0.011495307090204583, 0.02015813093998905, 0.011459561138318974, 0.007123292896139332, 0.005660415562099816, 0.006216368579715445, 0.005874153805313982, 0.005207873770861334, 0.0033059378530731114, 0.0026793805996126394, 0.0021209035537218205, 0.0019727817844539123, 0.003936531839396614, 0.0013970846560215635, 0.0009270493364055258, 0.0016268914415517779, 0.0022391163047032563, 0.0010204066203413804, 0.0006657458919069269, 0.0007329302535716176, 0.0007058751614116095, 0.0005632883927001517, 0.0004261141736796638, 0.00027283129524643225, 0.0002688196792276097, 0.0002137801893541663, 0.00012843663276772833, 0.00011688823464703268, 7.25591693830359e-05, 5.53392053981539e-05, 4.0398250335618244e-05, 6.204095160443732e-05, 2.8777951819062033e-05, 2.4789203867231147e-05, 2.436427105838449e-05, 3.0187701548930996e-05, 1.7213989994727465e-05, 1.622026264688764e-05, 1.4825318383398904e-05, 1.5760022563707862e-05, 1.1733588815185243e-05, 1.4439880147862334e-05, 8.191305191235824e-06, 7.655289498798156e-06, 6.053864827606249e-06, 5.636854200084765e-06, 4.377260715546196e-06, 3.5387455555710314e-06, 4.156587656896726e-06, 3.287020409988778e-06, 3.0227756651648307e-06, 2.3605764818952363e-06, 2.193362371752765e-06, 1.5302176985180932e-06, 1.6227777109911497e-06, 1.2727535473468446e-06, 1.365201670740957e-06, 1.124696634788012e-06, 1.0873331518525357e-06, 7.337615152955764e-07], "num_cost_evals": 88, "num_grad_evals": 76, "cost_count_history": [5, 1, 1, 2, 1, 1, 1, 1, 1, 1, 1, 1, 1, 1, 1, 1, 1, 1, 1, 2, 1, 1, 1, 1, 1, 1, 1, 1, 1, 1, 1, 1, 1, 1, 1, 2, 1, 1, 1, 1, 1, 1, 1, 1, 1, 1, 1, 1, 1, 1, 1, 1, 2, 1, 2, 1, 2, 1, 2, 1, 1, 2, 1, 2, 1, 1, 2, 1, 1, 1, 1, 2, 1], "grad_count_history": [3, 1, 1, 1, 1, 1, 1, 1, 1, 1, 1, 1, 1, 1, 1, 1, 1, 1, 1, 2, 1, 1, 1, 1, 1, 1, 1, 1, 1, 1, 1, 1, 1, 1, 1, 1, 1, 1, 1, 1, 1, 1, 1, 1, 1, 1, 1, 1, 1, 1, 1, 1, 1, 1, 1, 1, 1, 1, 1, 1, 1, 1, 1, 1, 1, 1, 1, 1, 1, 1, 1, 1, 1]}