{"converged": false, "termination_reason": "RTOL_ACHIEVED", "cost": 0.041341518681575824, "gradnorm": 8.731256082662707e-07, "iter": 167, "cost_history": [3.7136194032196324, 2.9254775363850514, 0.6760370066804563, 0.48100024913917233, 0.3389130143902578, 0.24384687091597465, 0.19583186827368784, 0.1411425304221729, 0.11611130651002352, 0.10221753586934587, 0.0878521652998452, 0.0778767394139104, 0.07101533010502822, 0.06462460635038543, 0.061712802931612624, 0.05758041386560528, 0.0554034182673084, 0.052860089313455906, 0.050998181176590426, 0.04943229178768865, 0.048008251041994444, 0.04696500510072121, 0.04593366336080186, 0.045276943675066184, 0.04477187737871799, 0.04407819602621184, 0.04380051243539697, 0.04348539084256588, 0.043022469348307016, 0.04287082549214104, 0.0426852870328078, 0.04251697689705208, 0.04237815823260249, 0.04217176401388372, 0.04214845637706425, 0.04197782398170191, 0.04193559484695503, 0.0418468190447593, 0.04179536939943313, 0.04171181372372252, 0.04167794118312962, 0.041644020495412354, 0.04160665542772728, 0.041567551892937996, 0.041542991936910786, 0.04151618587447574, 0.0414964483155269, 0.04147827690948572, 0.041451168469411354, 0.04143999405635548, 0.04142750257659046, 0.04141338045242203, 0.04140659535333522, 0.041399128621273054, 0.041392964902579765, 0.04138693044345912, 0.04138429123212768, 0.041378976660115155, 0.04137568620213357, 0.041372427378958854, 0.041367811097012444, 0.04136497643210414, 0.041362514393009364, 0.0413607603812378, 0.04135879270842043, 0.04135681125125748, 0.04135525466450936, 0.04135391293372736, 0.04135293932225063, 0.041351375573985646, 0.04135018459737666, 0.04134903918440204, 0.04134830082523077, 0.04134739562644655, 0.041346703599787864, 0.04134617299560828, 0.04134553640624958, 0.04134511969028351, 0.04134459462074978, 0.0413443824020846, 0.04134399594997658, 0.04134378788791829, 0.04134353581294262, 0.04134322167099802, 0.04134304131152395, 0.04134288076136096, 0.04134276719296171, 0.04134264388234053, 0.04134251092771669, 0.041342408066478355, 0.04134229475486819, 0.04134222678976084, 0.04134215550461723, 0.041342065247448684, 0.041342018256990784, 0.041341957410937186, 0.04134188020550283, 0.04134185562534724, 0.04134181525748387, 0.04134178793594105, 0.04134175498187176, 0.041341726104888676, 0.041341709135538085, 0.04134168924056033, 0.041341660566191506, 0.04134165028728673, 0.04134163470068315, 0.04134161615123913, 0.041341612020811866, 0.04134159915301687, 0.04134159156535954, 0.04134158123572924, 0.041341575550122814, 0.04134157170988065, 0.04134156710654878, 0.04134156256563616, 0.0413415596090262, 0.041341553191004965, 0.041341550744821515, 0.04134154783809313, 0.041341543992015506, 0.041341541851574105, 0.04134153802092133, 0.04134153593711572, 0.04134153383817418, 0.041341532642045896, 0.04134153128521359, 0.04134152988675891, 0.04134152899440169, 0.04134152701052835, 0.04134152664662693, 0.04134152523372974, 0.041341524834743834, 0.041341524036116455, 0.04134152381161901, 0.04134152283751563, 0.041341522498110385, 0.04134152213276021, 0.041341521618158426, 0.04134152133505962, 0.04134152087207921, 0.041341520619695996, 0.04134152030311093, 0.04134152015810305, 0.041341520002147386, 0.04134151984393229, 0.041341519733467315, 0.04134151961306158, 0.04134151946518318, 0.04134151937699531, 0.04134151932110257, 0.04134151920725946, 0.04134151915909265, 0.04134151910984911, 0.04134151903624048, 0.04134151899663361, 0.041341518978717705, 0.04134151889708818, 0.0413415188782034, 0.04134151884175616, 0.041341518821627336, 0.04134151878924877, 0.04134151876803653, 0.04134151875167251, 0.041341518724148096, 0.041341518714602773, 0.04134151869412543, 0.041341518681575824], "gradnorm_history": [0.9283082145275888, 0.7730898838587253, 0.23754449264730915, 0.2525821763534811, 0.13983680408426566, 0.08645098421444061, 0.07844683766168954, 0.08248155241630989, 0.06180054114363407, 0.03923711778857998, 0.031759195018127545, 0.03435465202830269, 0.04593361111452829, 0.019603746724289522, 0.018457770198865353, 0.020338018560051487, 0.025918931170090385, 0.014210732486348632, 0.011675056971465328, 0.01749344880924065, 0.012713484515361643, 0.009018321271556872, 0.012249286903586197, 0.011767378454802009, 0.007712749780588136, 0.00669307109749705, 0.008339728529720303, 0.006221501716489686, 0.006648673234776029, 0.00881728887080582, 0.004411402521309382, 0.0033661817003634285, 0.0039114528998469185, 0.0049421946195549, 0.008318628090879588, 0.0023689204028003383, 0.0022007317025698613, 0.0027757111339107906, 0.0059966113938521755, 0.0022169265761504044, 0.001581365164837635, 0.001897134391121608, 0.003032235802709307, 0.0018405934042218194, 0.0013396931684622408, 0.0020127031788366293, 0.001944557093664076, 0.0014552355526879098, 0.0010839232355922411, 0.001645074767483842, 0.001097831347976361, 0.0008283428817865751, 0.0014597081008328155, 0.0008549107430172885, 0.0006809029396333483, 0.000749186707342535, 0.0015160965275191013, 0.0006498847216937351, 0.0005297310159985679, 0.0006084788558966576, 0.0007281165855763899, 0.0007152628736830995, 0.000379894137418461, 0.00041497048266364025, 0.0005818004473228972, 0.0005769092751856319, 0.0003305866877601945, 0.00035733087583227947, 0.00042114737931183517, 0.00032004392591935405, 0.0004922942377395692, 0.0003049098520884194, 0.00026252510647941984, 0.00034420823608129577, 0.0003556166283199793, 0.0002417853344387164, 0.00019832004032991227, 0.0002336812255139579, 0.00020724227934202012, 0.0004103374351411449, 0.00016461114871019777, 0.00013715270889310096, 0.0001618976031362935, 0.00018664255937865396, 0.0001827935075426078, 9.798788894594773e-05, 0.00010981669337328703, 0.0001565138183870339, 0.00011914928772698443, 8.170100595165717e-05, 0.00010656208313282597, 0.0001387174744950092, 8.552242279045385e-05, 7.069383465674061e-05, 7.829697550216225e-05, 0.00015756002130222198, 6.103050556932469e-05, 4.8806987617904335e-05, 5.895474783996587e-05, 0.00010433428228120906, 5.3582456381870164e-05, 4.148818369662697e-05, 4.60192223840544e-05, 0.00010360801519295865, 3.4299806083677744e-05, 2.9267859337857505e-05, 3.4463013613936996e-05, 3.3066161896520724e-05, 5.38610220947935e-05, 2.697901712923619e-05, 2.1812440671698168e-05, 4.76515484140858e-05, 3.6744173906978396e-05, 2.0086526750367748e-05, 1.8899446017403793e-05, 2.513711132057394e-05, 5.6133193373561094e-05, 1.9463815790438135e-05, 1.501012150369799e-05, 1.922440571342833e-05, 1.9717529172163507e-05, 3.2308548567726356e-05, 1.5046064992632745e-05, 1.0983046913362055e-05, 1.685232255426711e-05, 2.2035636296702937e-05, 1.127848253223339e-05, 1.0531949353032906e-05, 1.1737664841955938e-05, 1.6357382952123218e-05, 2.2793562968883547e-05, 6.897988030148808e-06, 6.601458245268496e-06, 8.471384588797724e-06, 2.190264568949926e-05, 7.219544871530957e-06, 4.990945990454029e-06, 5.996900885034027e-06, 6.456527387864371e-06, 9.77138248054657e-06, 4.6809621440166176e-06, 3.861062262070756e-06, 5.090322886493985e-06, 5.790163087569931e-06, 3.6497154203515144e-06, 3.832211861723136e-06, 4.8277955486526255e-06, 3.673453008812822e-06, 4.8214463195612755e-06, 3.7839701249025667e-06, 2.8212877669749035e-06, 2.8764257720942083e-06, 4.290634364049645e-06, 2.6569247048553425e-06, 1.946863510344415e-06, 2.077759397256577e-06, 6.361627367765832e-06, 1.7234664062255056e-06, 1.3903230372310522e-06, 1.7464550646570447e-06, 3.785988202720098e-06, 1.6876060949988467e-06, 1.170758688842964e-06, 1.3645703351588628e-06, 1.3938707231382272e-06, 2.1089603723799594e-06, 1.078488371063258e-06, 8.731256082662707e-07], "num_cost_evals": 176, "num_grad_evals": 170,